<?xml version="1.0" encoding="UTF-8"?>
<!DOCTYPE hibernate-configuration PUBLIC
		"-//Hibernate/Hibernate Configuration DTD 3.0//EN"
		"http://hibernate.sourceforge.net/hibernate-configuration-3.0.dtd">
<hibernate-configuration>
	<session-factory>
		<property name="hibernate.connection.driver_class">org.postgresql.Driver</property>
		<property name="hibernate.connection.url">jdbc:postgresql://localhost:5433/ProjetoLocadora</property>
		<property name="hibernate.connection.username">postgres</property>
		<property name="hibernate.connection.password">1234</property>
		<property name="hibernate.dialect">org.hibernate.dialect.PostgreSQLDialect</property>
		<property name="hibernate.show_sql">true</property>
		<property name="hibernate.format_sql">true</property>
		<property name="hbm2ddl.auto">update</property> 
		<property name="hibernate.current_session_context_class">thread</property>
		
		<property name="hibernate.c3p0.min_size">30</property>
		<property name="hibernate.c3p0.max_size">10000</property>
		<property name="hibernate.c3p0.timeout">300</property>
		<property name="hibernate.c3p0.max_statements">50</property>
		<property name="hibernate.c3p0.idle_test_period">3000</property>
		<property name="hibernate.c3p0.testConnectionOnCheckout">true</property>
		<property name="hibernate.c3p0.automaticTestTable">true</property>
		
		<mapping class="br.com.julian.projetolocadora.modelo.Categoria"/>
		<mapping class="br.com.julian.projetolocadora.modelo.Filme"/>
		<mapping class="br.com.julian.projetolocadora.modelo.Usuario"/>
		<mapping class="br.com.julian.projetolocadora.modelo.Cliente"/>
		<mapping class="br.com.julian.projetolocadora.modelo.Funcionario"/>
		<mapping class="br.com.julian.projetolocadora.modelo.Endereco"/>
		<mapping class="br.com.julian.projetolocadora.modelo.Locacao"/>
		<mapping class="br.com.julian.projetolocadora.modelo.Midia"/>
		<mapping class="br.com.julian.projetolocadora.modelo.TipoMidia"/>
		<mapping class="br.com.julian.projetolocadora.modelo.LocacaoMidia"/>
		
	</session-factory>
</hibernate-configuration>
